<manifest xmlns:android="http://schemas.android.com/apk/res/android"
    package="tech.summerly.quiet.setting">

    <uses-permission android:name="android.permission.READ_EXTERNAL_STORAGE" />

    <application
        android:name="debug.DebugAppContext"
        android:label="@string/setting_app_name"
        android:theme="@style/SettingTheme">
        <activity android:name="debug.DebugPlayerActivity">
            <intent-filter>
                <action android:name="android.intent.action.MAIN" />
                <category android:name="android.intent.category.LAUNCHER" />
            </intent-filter>
        </activity>
        <activity
            android:label="@string/setting_app_name"
            android:name=".SettingMainActivity"
            android:theme="@style/SettingTheme" />
    </application>
</manifest>
