<manifest xmlns:android="http://schemas.android.com/apk/res/android"
    package="tech.summerly.quiet.search">

    <application
        android:name="debug.DebugAppContext"
        android:theme="@style/SearchAppTheme">

        <activity
            android:name=".SearchMainActivity"
            android:theme="@style/SearchAppTheme"
            android:windowSoftInputMode="adjustResize">
            <intent-filter>
                <action android:name="android.intent.action.MAIN" />
                <category android:name="android.intent.category.LAUNCHER" />
            </intent-filter>
        </activity>

        <activity android:name="debug.DebugActivity" >

        </activity>

    </application>
</manifest>
