<?xml version="1.0" encoding="utf-8"?>
<manifest xmlns:android="http://schemas.android.com/apk/res/android"
    package="tech.summerly.quiet.netease">

    <uses-permission android:name="android.permission.INTERNET" />
    <uses-permission android:name="android.permission.WRITE_EXTERNAL_STORAGE" />

    <application
        android:name="debug.DebugAppContext"
        android:label="@string/netease_app_name">
        <activity
            android:name=".ui.LoginActivity"
            android:exported="true"
            android:screenOrientation="portrait"
            android:theme="@style/NeteaseAppTheme.TranslucentNavigation" />
        <activity
            android:name=".ui.NeteaseFmActivity"
            android:exported="true"
            android:launchMode="singleTask"
            android:screenOrientation="portrait"
            android:theme="@style/NeteaseAppTheme.TranslucentNavigation" />
        <activity
            android:name=".ui.NeteaseMainActivity"
            android:exported="true"
            android:screenOrientation="portrait"
            android:theme="@style/NeteaseAppTheme.TranslucentNavigation">
            <intent-filter>
                <action android:name="android.intent.action.MAIN" />
                <category android:name="android.intent.category.LAUNCHER" />
            </intent-filter>
        </activity>
        <activity
            android:name=".ui.NeteaseDailyRecommendActivity"
            android:screenOrientation="portrait"
            android:theme="@style/NeteaseAppTheme" />
        <activity
            android:name=".ui.MusicPlayerActivity"
            android:launchMode="singleTask" />
        <activity
            android:name=".ui.NeteaseRecordActivity"
            android:theme="@style/NeteaseAppTheme" />
    </application>

</manifest>